orgId,parentOrgId,name
1,15,volutpat
2,11,neque
3,4,lobortis
4,1,est
5,1,ultrices
6,8,in
7,12,at
8,15,volutpat
9,2,ultrices
10,9,nisl
11,null,purus
12,14,morbi
13,19,quam
14,2,faucibus
15,7,auctor
16,8,massa
17,1,dolor
18,4,placerat
19,9,augue
20,11,suspendisse
21,null,nam
22,15,sit
23,3,sem
24,3,non
25,18,tortor
26,11,lectus
27,null,tristique
28,6,duis
29,19,erat
30,2,odio
31,4,ac
32,19,faucibus
33,null,platea
34,20,a
35,18,mollis
36,14,semper
37,16,tincidunt
38,16,tincidunt
39,14,curabitur
40,2,faucibus
41,8,in
42,10,est
43,6,turpis
44,7,faucibus
45,20,odio
46,null,tempus
47,6,lorem
48,20,sapien
49,9,vestibulum
50,16,cras
51,2,nunc
52,7,blandit
53,10,sapien
54,11,eget
55,11,suspendisse
56,20,justo
57,20,vel
58,16,pharetra
59,5,nascetur
60,13,convallis
61,2,magna
62,2,sapien
63,null,odio
64,18,sed
65,19,sapien
66,7,vestibulum
67,13,eu
68,5,nibh
69,7,lorem
70,7,convallis
71,4,quisque
72,9,suspendisse
73,10,fusce
74,3,scelerisque
75,15,lacus
76,null,eu
77,7,diam
78,17,luctus
79,17,rhoncus
80,17,adipiscing
81,11,cum
82,null,in
83,14,diam
84,12,consequat
85,13,quam
86,15,purus
87,8,nulla
88,9,quisque
89,3,purus
90,19,mattis
91,13,eros
92,5,turpis
93,13,magna
94,18,justo
95,15,consectetuer
96,11,fusce
97,16,aliquet
98,11,libero
99,16,sit
100,8,sed
101,1,feugiat
102,5,justo
103,null,nulla
104,null,libero
105,18,vitae
106,4,id
107,19,sit
108,4,sit
109,13,dolor
110,7,aliquam
111,null,eget
112,4,commodo
113,null,eget
114,8,consequat
115,9,ultrices
116,null,consequat
117,1,turpis
118,19,at
119,13,nonummy
120,1,aenean
121,15,justo
122,8,tristique
123,1,sollicitudin
124,20,turpis
125,11,dui
126,3,viverra
127,1,primis
128,14,pede
129,13,accumsan
130,1,aliquet
131,13,rhoncus
132,18,rutrum
133,14,potenti
134,6,ullamcorper
135,13,amet
136,15,tortor
137,1,nam
138,6,felis
139,20,euismod
140,20,quisque
141,9,integer
142,4,adipiscing
143,20,orci
144,17,sociis
145,15,faucibus
146,17,ut
147,15,turpis
148,7,tincidunt
149,14,amet
150,1,ullamcorper
151,1,accumsan
152,null,duis
153,6,dui
154,14,id
155,12,quis
156,18,at
157,null,sem
158,18,vestibulum
159,null,id
160,8,ut
161,8,et
162,17,bibendum
163,17,vestibulum
164,1,id
165,8,volutpat
166,null,ligula
167,null,magna
168,null,sapien
169,12,at
170,19,massa
171,2,vulputate
172,4,elementum
173,2,luctus
174,17,platea
175,13,vehicula
176,2,amet
177,15,posuere
178,16,justo
179,18,faucibus
180,19,nisi
181,3,nunc
182,6,justo
183,null,rutrum
184,10,nibh
185,18,diam
186,1,urna
187,20,quam
188,null,etiam
189,4,suscipit
190,1,lacinia
191,15,eget
192,3,lobortis
193,null,gravida
194,9,sit
195,4,nec
196,6,suspendisse
197,null,vestibulum
198,null,dictumst
199,12,nonummy
200,3,ante
201,null,in
202,15,habitasse
203,8,in
204,6,ut
205,null,proin
206,null,egestas
207,12,eu
208,7,pede
209,15,nulla
210,2,in
211,13,et
212,10,id
213,17,justo
214,null,vitae
215,15,morbi
216,4,bibendum
217,8,posuere
218,4,lobortis
219,13,interdum
220,null,dignissim
221,12,pede
222,11,nam
223,null,porttitor
224,3,quisque
225,17,lorem
226,19,ultrices
227,6,vehicula
228,15,nunc
229,4,vel
230,9,congue
231,10,at
232,5,turpis
233,2,vehicula
234,18,pharetra
235,14,nullam
236,null,laoreet
237,10,fusce
238,5,augue
239,12,eget
240,15,dolor
241,14,nam
242,null,quisque
243,11,ante
244,1,consequat
245,11,ante
246,17,enim
247,null,orci
248,null,mattis
249,14,habitasse
250,null,accumsan
251,18,blandit
252,18,massa
253,null,eget
254,12,facilisi
255,12,tempus
256,8,congue
257,null,fusce
258,7,pede
259,5,interdum
260,17,at
261,19,cursus
262,10,duis
263,4,sit
264,19,ultrices
265,9,libero
266,10,lectus
267,null,nam
268,17,vestibulum
269,20,amet
270,7,interdum
271,11,nonummy
272,13,et
273,16,penatibus
274,12,venenatis
275,15,imperdiet
276,null,blandit
277,10,ligula
278,18,massa
279,17,tortor
280,10,mattis
281,13,donec
282,5,eu
283,8,eu
284,11,cubilia
285,8,orci
286,null,dui
287,null,posuere
288,2,gravida
289,17,quis
290,15,nisl
291,4,tempus
292,null,quam
293,6,vestibulum
294,7,libero
295,null,odio
296,19,leo
297,20,id
298,18,venenatis
299,17,a
300,4,morbi
301,14,libero
302,20,nisl
303,3,fusce
304,5,justo
305,11,semper
306,17,nulla
307,null,commodo
308,12,in
309,12,sapien
310,8,pulvinar
311,8,nam
312,1,dapibus
313,null,lobortis
314,8,nulla
315,7,primis
316,null,donec
317,18,egestas
318,10,sit
319,9,lacus
320,14,integer
321,null,viverra
322,5,viverra
323,6,consectetuer
324,11,vestibulum
325,14,volutpat
326,7,nullam
327,12,praesent
328,5,ornare
329,5,justo
330,1,quis
331,5,quam
332,9,amet
333,14,nulla
334,18,vehicula
335,11,at
336,10,posuere
337,12,amet
338,2,quis
339,2,metus
340,5,dolor
341,2,tempus
342,null,dictumst
343,3,nunc
344,6,vulputate
345,1,viverra
346,15,consequat
347,4,pede
348,18,platea
349,9,felis
350,14,ac
351,19,vivamus
352,null,congue
353,12,elementum
354,4,magna
355,5,orci
356,11,neque
357,20,sapien
358,null,vel
359,17,penatibus
360,11,sem
361,null,at
362,null,quisque
363,2,nisl
364,8,blandit
365,18,lacus
366,4,viverra
367,11,tellus
368,12,eu
369,20,primis
370,19,quam
371,15,morbi
372,8,ut
373,7,tristique
374,3,volutpat
375,null,erat
376,13,pretium
377,8,porttitor
378,8,eu
379,20,ante
380,11,in
381,3,aliquam
382,3,bibendum
383,3,ac
384,2,in
385,15,purus
386,5,tellus
387,6,vitae
388,null,dui
389,17,quis
390,9,turpis
391,6,ante
392,14,eleifend
393,3,in
394,20,neque
395,2,metus
396,10,curabitur
397,19,faucibus
398,null,semper
399,13,maecenas
400,2,ante
401,20,sit
402,20,libero
403,11,libero
404,2,enim
405,null,morbi
406,1,dapibus
407,7,diam
408,1,sollicitudin
409,9,sed
410,20,ut
411,13,id
412,9,porttitor
413,2,habitasse
414,8,congue
415,6,mattis
416,3,velit
417,5,montes
418,14,consequat
419,11,cursus
420,12,in
421,18,bibendum
422,null,felis
423,6,integer
424,14,quam
425,9,cubilia
426,8,aliquet
427,7,proin
428,16,nunc
429,16,sapien
430,10,ac
431,4,luctus
432,null,velit
433,3,augue
434,10,iaculis
435,null,vestibulum
436,6,consequat
437,11,sapien
438,13,orci
439,20,dolor
440,5,massa
441,17,sed
442,18,ligula
443,null,pede
444,10,cursus
445,10,amet
446,14,a
447,null,nulla
448,3,eget
449,null,tempus
450,3,aenean
451,7,volutpat
452,4,varius
453,12,nunc
454,8,sed
455,1,nunc
456,17,volutpat
457,11,id
458,3,tempus
459,9,orci
460,10,libero
461,2,massa
462,14,nullam
463,7,est
464,20,est
465,4,tempus
466,8,ut
467,20,ante
468,20,maecenas
469,16,curabitur
470,6,vestibulum
471,11,massa
472,null,bibendum
473,18,vestibulum
474,6,vel
475,null,hac
476,8,consectetuer
477,15,morbi
478,17,velit
479,7,sit
480,6,lorem
481,1,vestibulum
482,14,vulputate
483,15,aenean
484,9,id
485,17,posuere
486,13,cubilia
487,7,praesent
488,16,augue
489,14,eget
490,3,nibh
491,9,felis
492,18,nulla
493,18,nam
494,14,semper
495,4,habitasse
496,14,in
497,13,mi
498,15,in
499,8,consequat
500,5,duis
501,2,potenti
502,11,pede
503,1,nunc
504,8,nisl
505,17,neque
506,7,sem
507,7,nullam
508,null,vestibulum
509,10,ut
510,6,curae
511,18,tellus
512,14,sed
513,18,massa
514,17,enim
515,19,nunc
516,null,at
517,14,ipsum
518,14,orci
519,10,interdum
520,10,dapibus
521,5,id
522,8,condimentum
523,3,ut
524,1,dolor
525,11,arcu
526,10,ut
527,12,suspendisse
528,16,felis
529,5,dui
530,null,lectus
531,15,donec
532,9,egestas
533,6,congue
534,14,sociis
535,14,id
536,5,duis
537,16,justo
538,5,odio
539,12,consequat
540,14,et
541,16,eget
542,7,ultrices
543,null,donec
544,8,mus
545,null,sed
546,11,at
547,15,porta
548,2,ipsum
549,2,scelerisque
550,9,amet
551,12,congue
552,null,dui
553,16,nec
554,14,odio
555,18,aliquam
556,null,neque
557,14,metus
558,18,auctor
559,9,primis
560,1,at
561,18,blandit
562,6,suspendisse
563,8,purus
564,12,tristique
565,7,accumsan
566,1,luctus
567,17,semper
568,5,duis
569,13,lacus
570,null,ut
571,2,auctor
572,8,mauris
573,4,aliquam
574,11,rutrum
575,19,leo
576,2,ac
577,20,pulvinar
578,8,augue
579,9,eu
580,7,lacus
581,1,augue
582,12,tempus
583,null,lacinia
584,20,enim
585,17,lectus
586,14,proin
587,9,risus
588,9,id
589,4,id
590,20,nulla
591,20,lacus
592,5,dapibus
593,null,tortor
594,17,dolor
595,10,justo
596,10,vel
597,null,felis
598,11,in
599,8,mauris
600,13,tempus
601,7,libero
602,9,fermentum
603,2,diam
604,null,lobortis
605,16,tortor
606,15,lacus
607,5,cras
608,12,sit
609,18,potenti
610,10,velit
611,9,dolor
612,18,semper
613,null,vulputate
614,20,curae
615,10,mauris
616,null,mauris
617,12,felis
618,20,vivamus
619,17,potenti
620,5,rutrum
621,13,amet
622,13,primis
623,17,luctus
624,8,amet
625,6,in
626,18,eros
627,20,magna
628,15,mauris
629,null,vitae
630,14,erat
631,19,nunc
632,null,orci
633,10,luctus
634,3,id
635,1,at
636,10,nibh
637,8,duis
638,null,massa
639,null,sapien
640,20,sapien
641,16,non
642,20,consequat
643,18,diam
644,20,quisque
645,17,vehicula
646,14,bibendum
647,17,adipiscing
648,5,gravida
649,7,dui
650,5,porttitor
651,5,massa
652,1,faucibus
653,4,ut
654,13,lacus
655,19,justo
656,15,in
657,20,at
658,4,mauris
659,16,auctor
660,null,mauris
661,16,et
662,14,primis
663,8,dui
664,null,a
665,2,sit
666,null,lacinia
667,13,ante
668,null,mattis
669,18,eget
670,8,at
671,19,tortor
672,4,nibh
673,14,varius
674,15,dui
675,1,consequat
676,8,proin
677,9,bibendum
678,9,luctus
679,5,consectetuer
680,2,non
681,3,morbi
682,7,fusce
683,15,in
684,3,amet
685,9,tincidunt
686,17,magnis
687,4,odio
688,18,duis
689,2,congue
690,9,augue
691,7,augue
692,20,quis
693,12,non
694,20,quam
695,null,odio
696,18,nisi
697,8,turpis
698,19,morbi
699,5,dui
700,15,nulla
701,19,dictumst
702,null,id
703,20,rutrum
704,4,mauris
705,15,porttitor
706,18,lobortis
707,4,velit
708,9,velit
709,16,feugiat
710,null,ut
711,null,arcu
712,20,est
713,17,nulla
714,12,elit
715,12,eget
716,19,id
717,14,fringilla
718,14,vel
719,18,mi
720,9,nunc
721,19,vel
722,4,est
723,8,sapien
724,16,faucibus
725,16,felis
726,15,quam
727,15,dolor
728,10,dignissim
729,14,commodo
730,10,pede
731,5,sit
732,13,morbi
733,20,faucibus
734,9,vestibulum
735,null,in
736,10,rhoncus
737,18,tincidunt
738,null,pede
739,12,feugiat
740,10,amet
741,13,nonummy
742,7,eu
743,19,leo
744,11,tempus
745,9,nam
746,11,ac
747,9,adipiscing
748,13,ut
749,6,pretium
750,4,dui
751,8,risus
752,null,vestibulum
753,null,nunc
754,6,sem
755,1,volutpat
756,15,mauris
757,2,primis
758,15,sed
759,11,tincidunt
760,19,vulputate
761,20,risus
762,2,in
763,18,praesent
764,6,aenean
765,18,eget
766,15,ridiculus
767,3,nisl
768,18,ac
769,19,enim
770,7,nibh
771,11,habitasse
772,14,tempus
773,null,felis
774,16,ac
775,4,lacinia
776,2,rutrum
777,13,faucibus
778,4,arcu
779,14,nulla
780,null,massa
781,19,mauris
782,10,blandit
783,18,turpis
784,3,eget
785,8,integer
786,12,eleifend
787,4,nunc
788,11,at
789,19,orci
790,2,eget
791,1,sed
792,10,fermentum
793,15,magna
794,12,primis
795,15,sapien
796,null,non
797,15,pede
798,3,aliquet
799,2,in
800,9,odio
801,19,eget
802,3,dapibus
803,18,pede
804,14,suspendisse
805,1,ligula
806,7,pellentesque
807,8,est
808,2,praesent
809,14,odio
810,13,convallis
811,15,platea
812,10,sit
813,8,orci
814,2,sed
815,19,porta
816,13,consequat
817,null,nullam
818,1,justo
819,3,potenti
820,2,odio
821,15,nulla
822,2,curae
823,6,tincidunt
824,4,ut
825,15,vel
826,8,duis
827,18,nisl
828,12,convallis
829,11,sollicitudin
830,null,in
831,null,nullam
832,18,tempus
833,18,in
834,8,magna
835,18,erat
836,11,ridiculus
837,18,justo
838,null,felis
839,20,amet
840,1,sapien
841,12,vel
842,10,praesent
843,4,aenean
844,19,dictumst
845,11,a
846,18,ut
847,19,nibh
848,5,ut
849,5,in
850,1,curabitur
851,9,duis
852,17,lobortis
853,null,hac
854,4,nulla
855,10,at
856,5,sapien
857,4,velit
858,14,nam
859,null,cras
860,4,viverra
861,null,habitasse
862,2,quis
863,10,molestie
864,7,nullam
865,1,dui
866,14,faucibus
867,13,praesent
868,6,amet
869,3,a
870,14,vitae
871,20,dictumst
872,1,congue
873,6,at
874,7,blandit
875,12,consequat
876,19,nisl
877,17,porttitor
878,5,rhoncus
879,4,ullamcorper
880,18,egestas
881,18,velit
882,20,orci
883,1,dictumst
884,16,cubilia
885,null,erat
886,2,aliquam
887,13,vitae
888,null,sapien
889,6,vitae
890,20,turpis
891,null,nam
892,1,a
893,14,nulla
894,2,sapien
895,16,interdum
896,8,ut
897,14,orci
898,13,felis
899,9,eu
900,5,ante
901,17,libero
902,14,venenatis
903,1,consequat
904,3,ante
905,12,erat
906,7,magna
907,19,velit
908,18,vivamus
909,7,consectetuer
910,8,quisque
911,null,venenatis
912,17,leo
913,13,et
914,8,quam
915,19,erat
916,null,habitasse
917,12,dis
918,null,nulla
919,19,convallis
920,15,curabitur
921,13,turpis
922,15,porttitor
923,5,sagittis
924,1,placerat
925,19,blandit
926,8,faucibus
927,16,erat
928,7,ut
929,18,suspendisse
930,18,tincidunt
931,10,suscipit
932,20,vulputate
933,10,at
934,8,nibh
935,20,cras
936,7,vel
937,8,pretium
938,17,mi
939,20,potenti
940,13,aenean
941,10,sapien
942,2,quis
943,19,ultrices
944,15,sit
945,15,sodales
946,null,et
947,13,posuere
948,11,congue
949,5,justo
950,17,condimentum
951,16,cras
952,11,nunc
953,13,integer
954,13,ut
955,16,non
956,15,auctor
957,2,vel
958,1,in
959,null,magnis
960,9,aliquet
961,4,quam
962,19,vestibulum
963,4,suscipit
964,13,curae
965,17,vitae
966,8,placerat
967,17,primis
968,19,posuere
969,16,leo
970,14,metus
971,10,leo
972,18,maecenas
973,6,ultrices
974,1,in
975,null,velit
976,8,vestibulum
977,5,id
978,11,eros
979,11,pede
980,12,quis
981,15,volutpat
982,10,curae
983,13,ac
984,10,mollis
985,null,quisque
986,5,lacinia
987,16,adipiscing
988,10,pharetra
989,16,neque
990,18,pede
991,18,aliquam
992,7,est
993,9,at
994,7,mauris
995,11,sapien
996,11,mauris
997,16,leo
998,16,aliquet
999,16,dapibus
1000,14,integer
